231321,51,1585682654.864794
1,1,1585687723.797275
333,11,1585690578.927653
321,13,1585690661.327436
1,123,1586280254.306262
1,123,1586280258.001735
2,123,1586280258.601995
3,123,1586280258.874345
123,123,1586280272.155328
1,123,1586280294.400669
1,123,1586280296.906519
54,333,1586280328.490002
545,333,1586280329.826592
3,333,1586280493.482746
123,333,1586280496.945779
1,1,1586280665.882025
1,2,1586280674.828853
3,2,1586280677.14422
4,2,1586280678.990402
5,2,1586280679.721167
33,2,1586280680.289567
3,2,1586280680.970183
3,2,1586280682.763711
3,2,1586280684.785564
register,333,1586280788.603505
closeup,1,1586281245.56773
closeup,32,1586281246.418307
closeup,333,1586281352.825949
closeup,11,1586281383.686186
closeup,13,1586281386.209326
closeup,13,1586281389.40066
